argonne,797,3599276.088,1,1.004361371,0.33,0.21,0.59,0.63
argonne,909,34281.79245,1,1.718472004,0.17,0.05,0.6,0.82
argonne,135,1.28E+08,0.005481329,1.003438001,0.89,0.87,0.81,0.86
argonne,307,37609.18697,1,1.000785238,0.38,0.23,0.54,0.58
argonne,763,342234.8879,1,1.004775952,0.33,0.25,0.58,0.62
argonne,551,2546.689104,1,1.850344674,0.14,0.06,0.53,0.75
argonne,61,954.1284282,1,1.355733868,0.3,0.13,0.72,0.85
argonne,1056,7545.431705,1,1.386788699,0.35,0.15,0.65,0.78
argonne,95,10872.35534,1,1.625879805,0.24,0.13,0.57,0.75
argonne,338,51778.61973,1,1.570358952,0.29,0.16,0.69,0.89
argonne,936,103674.3991,1,1.638211382,0.19,0.07,0.68,0.9
argonne,556,22636.33893,1,1.722613459,0.16,0.06,0.55,0.75
argonne,764,91457.74864,1,1.003773585,0.31,0.19,0.54,0.58
argonne,300,1.21E+07,1,1.002216967,0.36,0.24,0.54,0.58
argonne,132,7572.071852,0.004095133,1.006979695,0.79,0.77,0.71,0.77
argonne,59,Infinity,1,1.412325752,0.25,0.14,0.63,0.76
argonne,790,3635534.265,1,1.002892263,0.3,0.21,0.53,0.57
argonne,931,10492.12165,1,1.550185874,0.2,0.06,0.71,0.89
argonne,569,59068.28093,1,2.482957061,0.12,0.05,0.41,0.77
argonne,92,1234.459302,1,2.19248396,0.14,0.06,0.47,0.78
argonne,1051,9652.899736,1,1.217391304,0.29,0.17,0.66,0.78
argonne,66,73838.29327,1,1.481204134,0.26,0.11,0.62,0.78
argonne,336,58399.17748,1,1.747371495,0.32,0.12,0.6,0.83
argonne,938,24791.74362,1,1.638191738,0.19,0.07,0.68,0.87
argonne,104,31453.63656,1,1.648599158,0.23,0.11,0.58,0.77
argonne,560,570.5132234,1,1.820446735,0.16,0.06,0.55,0.79
argonne,752,13936.32523,1,1.005138746,0.31,0.2,0.54,0.59
argonne,594,2070.77109,1,1.908727515,0.16,0.06,0.53,0.78
argonne,1058,51203.93524,1,1.340168244,0.36,0.15,0.65,0.78
argonne,907,666.3169429,1,1.676378306,0.17,0.05,0.62,0.83
argonne,309,8879.875888,1,1.002291242,0.35,0.2,0.52,0.56
argonne,799,322190.9597,1,1.00501002,0.3,0.22,0.52,0.56
argonne,50,1803.702291,1,1.572896596,0.27,0.13,0.59,0.76
argonne,68,69649.36987,1,1.509010297,0.3,0.13,0.65,0.84
argonne,593,1969.686675,1,1.603413143,0.18,0.08,0.64,0.83
argonne,755,292038.4277,1,1.006699304,0.32,0.2,0.55,0.6
argonne,567,4891.063985,1,1.629955047,0.16,0.07,0.6,0.79
argonne,103,3400.7669,1,1.538091716,0.25,0.07,0.61,0.78
argonne,331,1059.196552,1,1.447266209,0.29,0.12,0.73,0.87
argonne,57,15901.32645,1,1.463101939,0.25,0.1,0.64,0.79
argonne,900,1358.63978,1,1.618832237,0.18,0.05,0.64,0.83
argonne,558,15904.89954,1,1.46861268,0.17,0.08,0.64,0.79
argonne,1034,3412.783944,1,1.611472814,0.31,0.16,0.57,0.79
argonne,168,3619.46741,0.013513514,1.004900588,0.91,0.9,0.85,0.89
argonne,954,3315.950946,1,1.424570912,0.28,0.14,0.62,0.77
argonne,391,2458.103062,1,1.599884638,0.29,0.14,0.65,0.84
argonne,533,74686.73304,1,1.746764347,0.17,0.07,0.58,0.81
argonne,701,33627.9032,0.003207698,1.002143623,0.78,0.7,0.7,0.76
argonne,365,Infinity,1,1.412325752,0.28,0.14,0.7,0.84
argonne,157,1966.240049,0.008189263,1.002851928,0.87,0.85,0.79,0.84
argonne,739,80885.47554,0.003001072,1.003010753,0.78,0.7,0.7,0.76
argonne,953,465.2791392,1,1.782021425,0.17,0.05,0.59,0.84
argonne,1033,Infinity,1,1.425099322,0.27,0.14,0.62,0.78
argonne,150,364072.1754,0.005119454,1.003138822,0.8,0.78,0.73,0.78
argonne,362,73693.69012,1,1.487771112,0.3,0.15,0.73,0.91
argonne,706,463355.34,0.003463803,1.005398816,0.85,0.75,0.75,0.82
argonne,534,Infinity,1,1.603970223,0.17,0.07,0.62,0.79
argonne,998,4081.194397,1,1.587565104,0.26,0.15,0.59,0.79
argonne,396,2011.047889,1,1.389232127,0.35,0.2,0.75,0.9
argonne,159,23692.50772,0.001333778,1.006714789,0.79,0.77,0.71,0.77
argonne,965,1192.277493,1,1.330513988,0.37,0.16,0.66,0.79
argonne,32,3950.557146,1,1.891239571,0.21,0.12,0.5,0.74
argonne,1005,2392692.26,1,1.42605156,0.33,0.16,0.64,0.79
argonne,991,4053.158242,1,1.384154176,0.37,0.19,0.64,0.79
argonne,730,34057.83408,0.004195621,1.002629503,0.87,0.81,0.79,0.85
argonne,502,89860.6763,1,1.004462791,0.43,0.29,0.74,0.81
argonne,166,5492.223767,0.004173623,1.004614094,0.81,0.72,0.72,0.79
argonne,354,57711.63577,1,1.646561772,0.34,0.14,0.64,0.85
argonne,192,23602.71058,0.005973052,1.004886221,0.81,0.79,0.73,0.79
argonne,996,2884.343143,1,1.715211755,0.23,0.12,0.54,0.76
argonne,398,3193.412964,1,2.562388592,0.14,0.05,0.46,0.85
argonne,1002,7634.230518,1,1.264427075,0.29,0.16,0.67,0.78
argonne,35,54835.71341,1,1.552840562,0.26,0.13,0.63,0.83
argonne,708,2985.877936,0.002185451,1.002190923,0.81,0.73,0.73,0.79
argonne,962,9154.970664,1,1.3737207,0.37,0.15,0.65,0.78
argonne,195,114742.0055,0.005737235,1.001724634,0.78,0.76,0.71,0.76
argonne,353,10330.37153,1,1.607936998,0.29,0.12,0.72,0.93
argonne,161,2053.48686,0.005424732,1.004210005,0.9,0.88,0.83,0.87
argonne,505,4912.180716,1,1.002012651,0.43,0.27,0.74,0.81
argonne,737,13892.27324,0.001098298,1.003861004,0.82,0.73,0.73,0.8
argonne,566,55968.50908,1,1.711016379,0.17,0.06,0.6,0.81
argonne,754,2823.748397,1,1.003103662,0.31,0.19,0.54,0.59
argonne,330,90657.15102,1,1.385359845,0.34,0.15,0.78,0.91
argonne,102,69096.58212,1,2.719023491,0.19,0.07,0.42,0.86
argonne,592,Infinity,1,1.857659435,0.15,0.06,0.52,0.76
argonne,69,15816.4373,1,1.475764868,0.28,0.09,0.64,0.79
argonne,901,Infinity,1,1.857659435,0.16,0.05,0.58,0.84
argonne,559,Infinity,1,1.722288203,0.17,0.06,0.58,0.82
argonne,56,Infinity,1,1.570456754,0.25,0.08,0.63,0.79
argonne,1059,11362.17768,1,1.457220462,0.33,0.14,0.62,0.78
argonne,595,93225.09583,1,1.508815638,0.19,0.06,0.68,0.83
argonne,105,37401.4471,1,1.621684504,0.24,0.09,0.58,0.75
argonne,939,2546.689104,1,1.850344674,0.16,0.05,0.58,0.83
argonne,337,2936.45747,1,1.473810339,0.26,0.09,0.65,0.82
argonne,753,8879.911275,1,1.002291242,0.29,0.21,0.52,0.56
argonne,561,4906.608015,1,1.792252803,0.17,0.07,0.57,0.81
argonne,51,Infinity,1,1.721192871,0.25,0.12,0.59,0.82
argonne,798,529800.1136,1,1.002506266,0.31,0.21,0.54,0.59
argonne,308,1046.456081,1,1.004876859,0.36,0.23,0.53,0.57
argonne,906,9674.805304,1,1.786574871,0.17,0.05,0.59,0.83
argonne,791,73240.3179,1,1.001976805,0.3,0.21,0.53,0.57
argonne,58,19823.08968,1,1.912830558,0.21,0.07,0.52,0.79
argonne,765,100063.5707,1,1.002503129,0.33,0.21,0.58,0.63
argonne,557,2652.121281,1,1.991407089,0.14,0.05,0.51,0.76
argonne,133,1035.248746,0.003595761,1.001516588,0.84,0.75,0.76,0.81
argonne,301,738054.7102,1,1.007363577,0.33,0.21,0.58,0.63
argonne,67,62752.52401,1,1.24194267,0.36,0.19,0.69,0.78
argonne,1050,199339.5091,1,1.745390546,0.31,0.12,0.54,0.78
argonne,930,1172.333153,1,4.278411054,0.09,0.03,0.28,0.87
argonne,93,10330.37153,1,1.607936998,0.26,0.1,0.65,0.84
argonne,568,7396.551876,1,1.785661126,0.14,0.06,0.51,0.74
argonne,306,42808.92623,1,1.003318125,0.34,0.22,0.52,0.57
argonne,134,1641300.199,0.005303324,1.0029843,0.83,0.82,0.76,0.81
argonne,908,22636.33893,1,1.722613459,0.17,0.05,0.6,0.84
argonne,550,Infinity,1,1.434052758,0.17,0.08,0.64,0.78
argonne,762,767250.9945,1,1.007761115,0.33,0.21,0.57,0.62
argonne,796,449790.7645,1,1.002534212,0.31,0.21,0.54,0.58
argonne,94,9745.882012,1,1.426804124,0.26,0.14,0.62,0.75
argonne,937,56157.41135,1,2.014445353,0.17,0.06,0.57,0.89
argonne,339,669.7333868,1,1.356546971,0.36,0.1,0.72,0.84
argonne,1057,2372.665489,1,1.332794308,0.3,0.16,0.66,0.78
argonne,60,1311.97875,1,1.679983693,0.21,0.08,0.57,0.75
argonne,709,20826.93336,0.004874652,1.00302748,0.83,0.74,0.74,0.8
argonne,963,66365.08785,1,1.355476345,0.34,0.16,0.64,0.77
argonne,399,622681.6951,1,3.064827065,0.18,0.07,0.39,0.88
argonne,997,19929.51476,1,1.455281491,0.34,0.15,0.63,0.79
argonne,34,42651.49924,1,1.810567735,0.21,0.08,0.56,0.78
argonne,1003,8911.131118,1,1.522364839,0.28,0.14,0.61,0.78
argonne,160,1270.241732,0.001395187,1.003150158,0.82,0.73,0.74,0.8
argonne,352,Infinity,1,2.083495146,0.23,0.09,0.54,0.85
argonne,736,56214.6264,0.006595637,1.001422764,0.87,0.78,0.78,0.84
argonne,504,338089.06,1,1.001374975,0.43,0.27,0.76,0.82
argonne,194,738054.6166,0.007830854,1.007363577,0.89,0.87,0.8,0.86
argonne,1004,5829.580306,1,1.863659728,0.3,0.12,0.51,0.79
argonne,33,7365.935079,1,2.342342342,0.24,0.11,0.45,0.79
argonne,990,51882.01393,1,1.352417883,0.29,0.15,0.66,0.79
argonne,964,40987.22464,1,1.190108192,0.3,0.18,0.7,0.79
argonne,158,116012.4105,0.004920554,1.011196351,0.88,0.85,0.79,0.85
argonne,193,340620.6992,0.009085826,1.004070747,0.9,0.88,0.83,0.87
argonne,503,22086.00143,1,1.003505128,0.44,0.28,0.76,0.82
argonne,731,382.5051802,0.00312989,1.002353556,0.78,0.7,0.71,0.76
argonne,355,713996.983,1,1.549518845,0.28,0.12,0.68,0.87
argonne,167,53391.2017,0.005018821,1.003195507,0.84,0.82,0.76,0.81
argonne,1032,130288.5426,1,1.395378486,0.37,0.19,0.63,0.78
argonne,738,77230.76423,0.003501401,1.004220003,0.86,0.84,0.78,0.84
argonne,952,10855.45254,1,1.760257913,0.17,0.05,0.6,0.83
argonne,397,Infinity,1,1.577411168,0.28,0.21,0.67,0.89
argonne,999,57413.92268,1,1.368227732,0.36,0.16,0.65,0.79
argonne,363,10872.35534,1,1.625879805,0.27,0.1,0.64,0.83
argonne,151,8879.875889,0.004570848,1.002291242,0.78,0.76,0.71,0.75
argonne,535,3950.445207,1,1.548358734,0.17,0.07,0.62,0.78
argonne,707,449790.7613,0.003639672,1.002534212,0.81,0.73,0.73,0.79
argonne,955,13936.54942,1,1.305869429,0.33,0.17,0.66,0.79
argonne,169,3706849.966,0.004304675,1.001677048,0.87,0.85,0.8,0.84
argonne,1035,7884.956656,1,1.287263227,0.33,0.16,0.67,0.78
argonne,700,893445.6584,0.003766787,1.005434783,0.81,0.72,0.73,0.78
argonne,532,15812.0151,1,1.489073881,0.17,0.07,0.64,0.79
argonne,156,8942906.734,0.004341758,1.00373599,0.9,0.89,0.84,0.88
argonne,364,74228.71461,1,1.531363734,0.34,0.17,0.7,0.9
argonne,390,4797.982678,1,1.61314459,0.23,0.1,0.64,0.84
argonne,686,125119.0248,0.004550155,1.002488594,0.82,0.73,0.73,0.8
argonne,818,1872557.904,1,1.002216967,0.3,0.22,0.53,0.57
argonne,216,114742.0054,1,1.001724634,0.34,0.21,0.53,0.57
argonne,672,100063.5714,0.003744959,1.002503129,0.88,0.87,0.79,0.86
argonne,440,10001.483,1,1.004514049,0.43,0.3,0.75,0.82
argonne,229,1035.248746,1,1.001516588,0.37,0.26,0.55,0.6
argonne,827,54473.42989,1,1.008468802,0.31,0.22,0.55,0.59
argonne,447,1600.503989,1,1.00378993,0.43,0.27,0.74,0.81
argonne,675,127477.383,0.00413679,1.007222724,0.92,0.89,0.82,0.9
argonne,211,30838.15455,0.007035453,1.003600111,0.88,0.87,0.81,0.86
argonne,681,79786.34811,0.005038079,1.003527752,0.87,0.79,0.79,0.85
argonne,820,165527.4225,1,1.004100041,0.3,0.22,0.53,0.57
argonne,478,50099.4501,1,1.004294918,0.43,0.27,0.74,0.81
argonne,227,381006.6995,1,1.001689475,0.32,0.22,0.54,0.58
argonne,829,195155.2359,1,1.00098912,0.3,0.21,0.52,0.56
argonne,471,2032.635907,1,1.004980631,0.42,0.27,0.73,0.8
argonne,643,23814.63114,0.001000333,1.006714789,0.79,0.77,0.7,0.76
argonne,485,9047.602039,1,1.006979695,0.42,0.27,0.73,0.8
argonne,816,8132.954755,1,1.005561415,0.33,0.21,0.58,0.63
argonne,218,3474.22459,1,1.005813953,0.4,0.23,0.57,0.61
argonne,688,2590.506949,0.001651073,1.004424779,0.84,0.75,0.74,0.81
argonne,482,25311.93901,1,1.006594169,0.44,0.3,0.76,0.83
argonne,644,1298455.434,0.009323566,1.00883087,0.87,0.83,0.78,0.85
argonne,476,418999.7377,1,1.002636625,0.42,0.26,0.73,0.79
argonne,220,820663.4162,1,1.004817536,0.41,0.25,0.59,0.63
argonne,811,20826.93333,1,1.00302748,0.31,0.19,0.55,0.59
argonne,449,42554.98323,1,1.002095637,0.43,0.3,0.75,0.82
argonne,845,23708.33376,1,1.003521954,0.3,0.21,0.52,0.56
argonne,280,515372,1,1.003512133,0.4,0.23,0.56,0.61
argonne,422,2070.619659,1,1.901128069,0.24,0.08,0.57,0.84
argonne,610,36227.47862,1,2.024428376,0.14,0.05,0.51,0.76
argonne,274,237595.7598,1,1.004040637,0.4,0.23,0.57,0.62
argonne,628,666.3169429,1,1.676378306,0.15,0.06,0.56,0.75
argonne,842,2121.247217,1,1.006664152,0.33,0.22,0.58,0.62
argonne,273,1286274.663,1,1.008250192,0.41,0.29,0.58,0.63
argonne,617,Infinity,1,2.124042879,0.13,0.05,0.48,0.76
argonne,425,86811.85503,1,1.005158307,0.43,0.27,0.74,0.8
argonne,889,Infinity,1,1.733074994,0.17,0.05,0.6,0.84
argonne,287,48186.65182,1,1.008465319,0.34,0.21,0.54,0.59
argonne,874,Infinity,1,5.31442623,0.08,0.03,0.22,0.87
argonne,880,59068.28093,1,2.482957061,0.14,0.04,0.45,0.85
argonne,621,Infinity,1,2.011216566,0.14,0.05,0.49,0.75
argonne,413,80180.06479,1,1.50221533,0.34,0.12,0.68,0.84
argonne,245,1270.241732,1,1.003150158,0.31,0.19,0.54,0.59
argonne,887,4906.608015,1,1.792252803,0.18,0.07,0.62,0.88
argonne,289,91364.14523,1,1.003773585,0.32,0.21,0.54,0.58
argonne,619,1358.63978,1,1.618832237,0.16,0.06,0.58,0.74
argonne,873,Infinity,1,1.434052758,0.18,0.06,0.67,0.82
argonne,242,110316.2844,1,1.00308024,0.33,0.23,0.54,0.58
argonne,414,700.9240126,1,1.547279793,0.29,0.17,0.71,0.92
argonne,626,41542.94833,1,1.877218225,0.15,0.06,0.53,0.75
argonne,477,100152.6561,1,1.002513306,0.43,0.27,0.75,0.81
argonne,645,1270.230017,0.001395187,1.003150158,0.82,0.73,0.74,0.8
argonne,221,254537.2799,1,1.002745577,0.38,0.23,0.54,0.58
argonne,483,78084.52813,1,1.007002975,0.46,0.29,0.78,0.86
argonne,810,1020.555154,1,1.005820977,0.34,0.23,0.6,0.64
argonne,448,3079.170965,1,1.00501002,0.43,0.28,0.74,0.81
argonne,484,7543.99263,1,1.004625,0.44,0.28,0.78,0.84
argonne,828,3628.183789,1,1.006022845,0.32,0.21,0.56,0.61
argonne,226,3706849.811,1,1.001677048,0.39,0.33,0.58,0.62
argonne,642,1046.750348,0.005822416,1.005121951,0.78,0.7,0.7,0.76
argonne,470,108494.3998,1,1.00617284,0.42,0.26,0.73,0.8
argonne,689,42799.22353,0.002617801,1.003456858,0.78,0.69,0.69,0.75
argonne,219,2985.882731,1,1.002190923,0.35,0.2,0.55,0.59
argonne,817,115833.9755,1,1.001724634,0.3,0.22,0.52,0.56
argonne,680,1969.865455,0.00477707,1.002966343,0.86,0.76,0.77,0.83
argonne,674,2786.820761,0.004764173,1.005911487,0.9,0.86,0.81,0.87
argonne,446,53616.10624,1,1.0066361,0.43,0.29,0.76,0.82
argonne,210,37609.18697,0.010198078,1.000785238,0.81,0.79,0.74,0.78
argonne,821,23814.63114,1,1.006714789,0.31,0.21,0.53,0.58
argonne,479,65346.35479,1,1.002028055,0.43,0.27,0.74,0.81
argonne,217,292034.9656,1,1.006699304,0.34,0.22,0.55,0.6
argonne,819,216804.6811,1,1.009649286,0.32,0.19,0.55,0.61
argonne,441,92072.36843,1,1.004046427,0.43,0.26,0.73,0.8
argonne,673,48186.61624,0.00351922,1.008465319,0.83,0.74,0.74,0.81
argonne,687,1209239.036,0.006030769,1.006878176,0.87,0.77,0.78,0.85
argonne,826,110856.4292,1,1.00323475,0.3,0.21,0.53,0.58
argonne,228,12120.63185,1,1.001904762,0.37,0.22,0.55,0.59
argonne,618,1172.333153,1,4.278411054,0.08,0.03,0.25,0.78
argonne,872,Infinity,1,1.686319765,0.19,0.06,0.66,0.9
argonne,288,166713.399,1,1.002488594,0.31,0.21,0.54,0.58
argonne,886,Infinity,1,1.600498857,0.17,0.05,0.63,0.83
argonne,243,208130.324,1,1.001914399,0.37,0.24,0.56,0.59
argonne,627,93366.14448,1,1.889064618,0.15,0.06,0.52,0.76
argonne,415,11632.88581,1,1.474301483,0.36,0.21,0.68,0.84
argonne,881,93225.09583,1,1.508815638,0.21,0.06,0.73,0.9
argonne,875,705.7970876,1,1.781506339,0.18,0.07,0.63,0.9
argonne,412,19823.08968,1,1.912830558,0.22,0.05,0.54,0.83
argonne,620,10626.9166,1,1.995592181,0.16,0.07,0.55,0.84
argonne,244,3619.467409,1,1.004900588,0.39,0.25,0.6,0.64
argonne,629,Infinity,1,1.579399142,0.16,0.06,0.58,0.74
argonne,843,70093.99855,1,1.0059375,0.3,0.21,0.53,0.57
argonne,286,1011.532196,1,1.005268935,0.41,0.27,0.6,0.65
argonne,888,Infinity,1,1.76542567,0.17,0.05,0.6,0.83
argonne,272,321613.5781,1,1.00501002,0.37,0.23,0.52,0.56
argonne,424,5868.039357,1,1.004614094,0.42,0.25,0.71,0.79
argonne,616,3812.545144,1,1.889029004,0.16,0.07,0.56,0.82
argonne,844,463355.3399,1,1.005398816,0.32,0.2,0.55,0.6
argonne,611,Infinity,1,1.814360119,0.17,0.07,0.57,0.81
argonne,423,61017.64833,1,1.645045542,0.28,0.13,0.65,0.89
argonne,275,191475.7833,1,1.001740428,0.36,0.22,0.54,0.58
argonne,281,5492.223769,1,1.004614094,0.3,0.2,0.53,0.58
argonne,257,14793.00959,1,1.004990643,0.35,0.24,0.55,0.59
argonne,859,76220.91315,1,2.005853358,0.16,0.05,0.54,0.85
argonne,401,73838.29327,1,1.481204134,0.29,0.16,0.7,0.88
argonne,633,61202.85316,1,1.746776084,0.17,0.07,0.58,0.81
argonne,866,1244.93247,1,2.194495413,0.15,0.04,0.51,0.84
argonne,268,168260.2392,1,1.004075533,0.38,0.23,0.58,0.62
argonne,892,647.0757524,1,1.760907003,0.16,0.05,0.59,0.84
argonne,634,7927.865621,1,1.778163975,0.17,0.07,0.56,0.81
argonne,406,463.9269498,1,1.541498791,0.27,0.11,0.66,0.85
argonne,250,2930.923671,1,1.004948125,0.4,0.26,0.6,0.64
argonne,895,Infinity,1,1.494045534,0.2,0.07,0.7,0.88
argonne,861,93366.14448,1,1.889064618,0.17,0.05,0.58,0.85
argonne,439,32469.69997,1,1.004736599,0.43,0.27,0.75,0.82
argonne,292,77356.52856,1,1.003291794,0.4,0.24,0.58,0.62
argonne,868,4891.063985,1,1.629955047,0.17,0.06,0.63,0.84
argonne,266,291050.4857,1,1.006132618,0.39,0.25,0.59,0.63
argonne,602,58508.00526,1,1.833026961,0.15,0.06,0.52,0.74
argonne,430,992.7856176,1,1.003140539,0.43,0.27,0.75,0.81
argonne,259,1.28E+08,1,1.003438001,0.38,0.25,0.58,0.63
argonne,857,Infinity,1,1.859527478,0.16,0.05,0.57,0.84
argonne,437,101005.3172,1,1.007628568,0.44,0.29,0.75,0.82
argonne,605,Infinity,1,1.918048318,0.14,0.06,0.51,0.75
argonne,261,105195.0707,1,1.003601873,0.4,0.29,0.57,0.61
argonne,295,5193.679114,1,1.004455761,0.32,0.21,0.52,0.56
argonne,850,Infinity,1,1.579399142,0.18,0.05,0.63,0.82
argonne,408,33934.66312,1,1.97275641,0.22,0.1,0.55,0.84
argonne,804,1270.230018,1,1.003150158,0.31,0.19,0.54,0.59
argonne,651,3635534.474,0.002162422,1.002892263,0.79,0.71,0.71,0.77
argonne,463,220533.873,1,1.002143623,0.43,0.27,0.76,0.81
argonne,235,4905.311072,1,1.005194491,0.38,0.24,0.54,0.58
argonne,497,32083.19861,1,1.001951854,0.43,0.27,0.75,0.81
argonne,669,14793.09809,0.003412969,1.004990643,0.84,0.75,0.75,0.82
argonne,803,191663.722,1,1.006594169,0.33,0.21,0.58,0.62
argonne,490,1147.737714,1,1.002504696,0.42,0.26,0.73,0.8
argonne,232,268139.2004,1,1.00284948,0.4,0.28,0.53,0.57
argonne,464,8128.717017,1,1.006263048,0.45,0.28,0.77,0.84
argonne,656,2823.748397,0.003093102,1.003103662,0.82,0.73,0.73,0.8
argonne,499,2313.153167,1,1.003501401,0.42,0.26,0.73,0.79
argonne,835,1126.73931,1,1.002091714,0.3,0.22,0.53,0.57
argonne,694,9955329.906,0.003587229,1.002998681,0.83,0.74,0.75,0.81
argonne,452,68735.79915,1,1.002792758,0.43,0.26,0.74,0.81
argonne,660,1724.165909,0.003774602,1.00378993,0.77,0.69,0.69,0.75
argonne,204,2590.507039,0.002201431,1.004424779,0.84,0.75,0.74,0.81
argonne,658,527299.1713,0.002863203,1.003832641,0.86,0.81,0.76,0.83
argonne,832,268584.216,1,1.00284948,0.3,0.21,0.52,0.57
argonne,203,70011.09804,0.004037267,1.005623243,0.8,0.78,0.72,0.78
argonne,667,13936.32526,0.002811142,1.005138746,0.82,0.73,0.73,0.79
argonne,455,79771.47709,1,1.006336346,0.43,0.26,0.74,0.81
argonne,693,1906323.293,0.004686618,1.010268698,0.93,0.85,0.82,0.9
argonne,294,47002.15722,0.999695586,1.001219512,0.43,0.22,0.53,0.57
argonne,604,Infinity,1,2.050040139,0.15,0.06,0.52,0.82
argonne,436,1711101.877,1,1.003718394,0.43,0.28,0.75,0.82
argonne,260,696856.4232,1,1.00387401,0.41,0.3,0.58,0.62
argonne,851,1310.759728,1,1.751381215,0.17,0.05,0.61,0.84
argonne,409,69140.92849,1,1.429068755,0.29,0.14,0.69,0.84
argonne,267,7572.071851,1,1.006979695,0.37,0.21,0.52,0.57
argonne,869,Infinity,1,1.603970223,0.18,0.06,0.65,0.82
argonne,431,12285.16611,1,1.006714789,0.44,0.28,0.75,0.82
argonne,603,Infinity,1,1.600498857,0.16,0.06,0.58,0.75
argonne,293,1966.240049,1,1.002851928,0.4,0.27,0.58,0.62
argonne,856,1798.126748,1,1.866615854,0.16,0.05,0.57,0.84
argonne,258,209217.2134,1,1.004126701,0.37,0.2,0.54,0.58
argonne,407,Infinity,1,1.348263714,0.35,0.21,0.81,0.93
argonne,635,1798.126748,1,1.866615854,0.15,0.06,0.51,0.75
argonne,251,2820.772716,1,1.003103662,0.37,0.22,0.54,0.59
argonne,860,36227.47862,1,2.024428376,0.15,0.05,0.56,0.84
argonne,438,10627.1907,1,1.004354478,0.43,0.27,0.76,0.82
argonne,894,Infinity,1,2.124042879,0.15,0.04,0.52,0.85
argonne,858,16091.82499,1,1.493233784,0.18,0.06,0.66,0.82
argonne,256,17322.71863,1,1.005039688,0.32,0.22,0.55,0.6
argonne,632,26754.47938,1,1.699080524,0.15,0.06,0.54,0.75
argonne,400,76302.88713,1,1.502307337,0.3,0.12,0.7,0.86
argonne,893,79851.07147,1,1.707207207,0.19,0.07,0.65,0.88
argonne,269,129767.4418,1,1.003589744,0.32,0.24,0.53,0.57
argonne,867,33937.98769,1,1.98655191,0.16,0.05,0.55,0.84
argonne,659,1020.555154,0.004694836,1.005820977,0.91,0.89,0.82,0.89
argonne,833,34881.43163,1,1.001219512,0.3,0.22,0.52,0.56
argonne,692,3628.183791,0.008256786,1.006022845,0.85,0.84,0.77,0.83
argonne,202,105195.0707,0.005143541,1.003601873,0.86,0.84,0.78,0.83
argonne,454,21685.57258,1,1.007324157,0.44,0.27,0.76,0.83
argonne,666,30665.65409,0.004552352,1.004156276,0.87,0.85,0.79,0.85
argonne,834,3624.370579,1,1.005745516,0.33,0.21,0.58,0.62
argonne,498,134366.8888,1,1.005573942,0.43,0.29,0.74,0.81
argonne,661,191663.7288,0.004366812,1.006594169,0.88,0.78,0.79,0.86
argonne,453,12032.89352,1,1.006251954,0.43,0.27,0.75,0.81
argonne,205,515372.0165,0.003605514,1.003512133,0.87,0.85,0.78,0.84
argonne,695,767250.8972,0.007439311,1.007761115,0.88,0.85,0.78,0.86
argonne,668,5196.765693,0.006335128,1.004455761,0.76,0.68,0.69,0.74
argonne,802,5108.384865,1,1.005194491,0.31,0.21,0.54,0.58
argonne,233,8942906.735,1,1.00373599,0.35,0.26,0.6,0.63
argonne,657,17330.77471,0.003384307,1.005166331,0.85,0.75,0.76,0.82
argonne,465,2082.557122,1,1.005121951,0.42,0.27,0.73,0.8
argonne,491,2827.36361,1,1.005572442,0.42,0.26,0.72,0.79
argonne,805,382.5051802,1,1.002353556,0.3,0.22,0.53,0.57
argonne,496,6135.474486,1,1.007037748,0.44,0.28,0.77,0.83
argonne,462,5495.773305,1,1.002237592,0.43,0.27,0.76,0.82
argonne,650,268584.217,0.003843583,1.00284948,0.78,0.69,0.7,0.76
argonne,234,1193525.141,1,1.006815788,0.39,0.24,0.55,0.6
argonne,346,16089.84594,1,1.467889908,0.26,0.12,0.66,0.82
argonne,948,Infinity,1,2.050040139,0.16,0.06,0.57,0.9
argonne,174,1286274.755,0.009513843,1.008250192,0.88,0.86,0.8,0.85
argonne,510,21593.72216,1,1.003728735,0.43,0.27,0.75,0.82
argonne,722,1150104.244,0.004063098,1.002156205,0.82,0.73,0.73,0.79
argonne,1028,7679.786036,1,1.369972196,0.36,0.17,0.64,0.78
argonne,180,191475.7833,0.004467055,1.001740428,0.8,0.79,0.73,0.78
argonne,977,Infinity,1,1.701219512,0.32,0.14,0.56,0.79
argonne,379,5737.51022,1,1.654465131,0.31,0.14,0.67,0.89
argonne,983,15628.86505,1,1.400164069,0.33,0.15,0.64,0.78
argonne,1017,2425.663078,1,1.821821822,0.23,0.12,0.55,0.77
argonne,20,10693.21929,1,1.525847377,0.24,0.15,0.61,0.77
argonne,187,17322.71863,0.00426172,1.005039688,0.85,0.75,0.76,0.82
argonne,18,55599.8383,1,2.150775547,0.25,0.11,0.48,0.82
argonne,725,34881.43162,0.005479452,1.001219512,0.77,0.7,0.69,0.75
argonne,517,9671.899931,1,1.001362707,0.43,0.28,0.75,0.81
argonne,173,1048725.144,0.005484784,1.004086709,0.79,0.75,0.72,0.77
argonne,341,170789.199,1,1.704430603,0.3,0.18,0.7,0.97
argonne,27,742.97542,1,1.597244026,0.26,0.12,0.62,0.85
argonne,1010,47105.34442,1,1.426299849,0.27,0.16,0.63,0.78
argonne,9,33934.66312,1,1.97275641,0.2,0.08,0.52,0.78
argonne,984,19244.93056,1,1.241287753,0.29,0.16,0.67,0.78
argonne,970,8178.156342,1,1.569895288,0.26,0.13,0.59,0.78
argonne,528,7072.41899,1,1.004502603,0.43,0.27,0.76,0.82
argonne,1019,2117.322813,1,1.264568528,0.35,0.17,0.67,0.79
argonne,383,2312.458477,1,1.659783677,0.23,0.06,0.63,0.82
argonne,979,3329.583166,1,1.327941771,0.31,0.15,0.65,0.78
argonne,145,216157.1856,0.002021316,1.009461967,0.86,0.84,0.76,0.83
argonne,377,22712.23283,1,1.451219512,0.34,0.12,0.7,0.85
argonne,713,1872557.904,0.003538779,1.002216967,0.79,0.7,0.71,0.76
argonne,521,29793.74267,1,1.004104669,0.43,0.28,0.74,0.8
argonne,11,Infinity,1,1.893084622,0.22,0.1,0.53,0.77
argonne,1026,1232.761516,1,1.284627093,0.36,0.16,0.65,0.78
argonne,348,68622.80443,1,1.698706964,0.28,0.21,0.68,0.94
argonne,946,74396.34044,1,1.687724705,0.17,0.05,0.61,0.83
argonne,526,3127.462654,1,1.005931939,0.43,0.3,0.74,0.81
argonne,714,1.21E+08,0.004110997,1.00412844,0.87,0.78,0.79,0.85
argonne,370,1311.97875,1,1.679983693,0.24,0.1,0.63,0.84
argonne,142,23672.71434,0.005847953,1.003286385,0.78,0.76,0.71,0.76
argonne,384,2029.912685,1,1.440701178,0.27,0.1,0.68,0.83
argonne,7,2312.458477,1,1.659783677,0.22,0.09,0.59,0.78
argonne,29,713996.983,1,1.549518845,0.25,0.1,0.6,0.78
argonne,941,2652.121281,1,1.991407089,0.16,0.05,0.56,0.84
argonne,519,15563.72352,1,1.003328262,0.44,0.27,0.77,0.84
argonne,1021,6050.161682,1,1.886435331,0.28,0.12,0.51,0.76
argonne,16,Infinity,1,1.429339707,0.24,0.08,0.64,0.78
argonne,189,77356.52871,0.010193322,1.003291794,0.88,0.86,0.81,0.85
argonne,129,1011.532196,0.006769298,1.005268935,0.93,0.91,0.85,0.9
argonne,915,7332.22469,1,2.07154047,0.15,0.05,0.52,0.84
argonne,42,61017.64833,1,1.645045542,0.26,0.1,0.6,0.82
argonne,740,8879.911276,0.003301168,1.002291242,0.77,0.69,0.7,0.75
argonne,89,69140.92849,1,1.429068755,0.25,0.13,0.61,0.74
argonne,572,2033.520632,1,1.471328671,0.17,0.08,0.64,0.78
argonne,116,820663.456,0.008389262,1.004817536,0.88,0.87,0.81,0.86
argonne,324,954.1284282,1,1.355733868,0.32,0.24,0.78,0.9
argonne,586,74396.34044,1,1.687724705,0.16,0.06,0.56,0.75
argonne,45,170789.199,1,1.704430603,0.27,0.12,0.63,0.89
argonne,778,1.21E+08,1,1.00412844,0.33,0.23,0.58,0.62
argonne,912,Infinity,1,1.814360119,0.18,0.05,0.62,0.88
argonne,581,56157.41135,1,2.014445353,0.15,0.06,0.52,0.81
argonne,323,7318.724011,1,2.253664036,0.21,0.07,0.5,0.86
argonne,111,416604.2575,0.00558369,1.001821494,0.79,0.77,0.71,0.77
argonne,575,978.2578835,1,1.548892284,0.19,0.08,0.66,0.83
argonne,747,130361.3508,1,1.003589744,0.3,0.21,0.52,0.56
argonne,1044,3172.664344,1,1.320763221,0.38,0.17,0.67,0.79
argonne,588,Infinity,1,5.31442623,0.07,0.03,0.2,0.79
argonne,73,Infinity,1,1.48004672,0.3,0.15,0.61,0.76
argonne,118,291050.4776,0.005840528,1.006132618,0.89,0.87,0.82,0.86
argonne,924,Infinity,1,1.722288203,0.18,0.06,0.63,0.89
argonne,87,11845.62558,1,1.412631222,0.32,0.13,0.69,0.83
argonne,785,291418.3673,1,1.006389776,0.33,0.22,0.59,0.62
argonne,543,Infinity,1,1.690021231,0.18,0.06,0.62,0.82
argonne,771,208.60537,1,1.002614379,0.3,0.22,0.53,0.57
argonne,315,165569.627,1,1.003894241,0.33,0.21,0.54,0.58
argonne,127,42808.92623,0.003306696,1.003318125,0.78,0.76,0.7,0.76
argonne,80,1162.787959,1,2.832380517,0.16,0.06,0.37,0.79
argonne,749,42799.22354,1,1.003456858,0.3,0.21,0.52,0.56
argonne,923,71685.17237,1,1.726841244,0.19,0.07,0.64,0.89
argonne,74,669.7333868,1,1.356546971,0.33,0.16,0.64,0.75
argonne,1043,37840.20206,1,1.488622754,0.34,0.18,0.6,0.78
argonne,120,47002.15721,0.011872146,1.001219512,0.78,0.76,0.7,0.75
argonne,312,364072.175,1,1.003138822,0.37,0.2,0.54,0.58
argonne,776,165761.6954,1,1.004348417,0.33,0.21,0.57,0.61
argonne,544,10855.45254,1,1.760257913,0.16,0.06,0.54,0.75
argonne,782,403417.1434,1,1.001689475,0.3,0.21,0.53,0.57
argonne,6,58399.17748,1,1.747371495,0.29,0.14,0.54,0.75
argonne,385,3400.7669,1,1.538091716,0.26,0.13,0.64,0.83
argonne,28,2458.103062,1,1.599884638,0.26,0.13,0.58,0.76
argonne,715,130361.3508,0.00587484,1.003589744,0.77,0.69,0.7,0.75
argonne,527,4482.847643,1,1.00373444,0.42,0.27,0.73,0.8
argonne,143,1800300.535,0.00525127,1.010095825,0.93,0.91,0.83,0.91
argonne,371,643.725313,1,1.446251768,0.35,0.13,0.7,0.86
argonne,17,463.9269498,1,1.541498791,0.24,0.1,0.59,0.76
argonne,1020,742.1837729,1,1.314021255,0.35,0.16,0.66,0.78
argonne,188,14793.00958,0.003412969,1.004990643,0.84,0.75,0.75,0.82
argonne,940,2033.520632,1,1.471328671,0.18,0.07,0.67,0.82
argonne,518,10726.22214,1,1.00480827,0.43,0.27,0.75,0.82
argonne,376,42651.49924,1,1.810567735,0.22,0.1,0.59,0.84
argonne,144,292034.9631,0.002814739,1.006699304,0.85,0.76,0.76,0.83
argonne,978,Infinity,1,1.711901763,0.31,0.14,0.57,0.78
argonne,520,15189.34695,1,1.00332088,0.43,0.26,0.73,0.8
argonne,712,5412936.45,0.003384999,1.004115226,0.8,0.71,0.71,0.77
argonne,1018,7899.312459,1,1.362180874,0.37,0.16,0.66,0.8
argonne,382,7828.671916,1,1.693670886,0.27,0.11,0.63,0.88
argonne,1,76302.88713,1,1.502307337,0.27,0.12,0.62,0.77
argonne,947,45523.61185,1,2.631267092,0.14,0.04,0.45,0.86
argonne,349,5294.04156,1,1.527862595,0.29,0.18,0.69,0.88
argonne,1027,2081.836711,1,1.426121853,0.35,0.18,0.62,0.78
argonne,10,23015.5351,1,1.470460574,0.28,0.15,0.6,0.76
argonne,516,9547.193756,1,1.002820432,0.43,0.27,0.74,0.81
argonne,724,697244.4724,0.00402617,1.004043127,0.88,0.78,0.79,0.85
argonne,340,Infinity,1,1.429339707,0.25,0.08,0.67,0.82
argonne,172,72989.91002,0.008679642,1.001844775,0.81,0.79,0.73,0.78
argonne,186,33646.14046,0.003742315,1.001338688,0.8,0.79,0.73,0.78
argonne,19,23576.3717,1,1.506234771,0.35,0.09,0.67,0.83
argonne,971,3.69E+07,1,1.801123224,0.3,0.15,0.53,0.78
argonne,529,13851.27101,1,1.005437409,0.44,0.28,0.76,0.82
argonne,1011,1819.955109,1,1.328737073,0.37,0.17,0.65,0.79
argonne,26,681.9978051,1,1.366756032,0.27,0.14,0.65,0.77
argonne,8,478.7596773,1,2.118029237,0.21,0.08,0.49,0.79
argonne,985,2739.438584,1,1.317818182,0.37,0.18,0.66,0.78
argonne,1029,85062.72173,1,1.350093545,0.35,0.18,0.66,0.79
argonne,181,696856.4311,0.012581782,1.00387401,0.88,0.87,0.8,0.86
argonne,175,11483.8784,0.007723112,1.004598142,0.88,0.87,0.81,0.86
argonne,949,3193.412964,1,2.562388592,0.14,0.05,0.46,0.85
argonne,347,742.97542,1,1.597244026,0.28,0.12,0.67,0.91
argonne,723,91457.75003,0.005011485,1.003773585,0.81,0.73,0.73,0.79
argonne,511,31128.60737,1,1.009024578,0.43,0.27,0.75,0.82
argonne,982,79706.68679,1,1.352694778,0.34,0.15,0.65,0.78
argonne,21,74228.71461,1,1.531363734,0.32,0.11,0.64,0.84
argonne,1016,11562.06799,1,1.313864125,0.29,0.16,0.65,0.78
argonne,378,Infinity,1,1.893084622,0.24,0.08,0.58,0.85
argonne,976,183000.551,1,1.607946794,0.33,0.16,0.57,0.77
argonne,1042,99356.42852,1,1.383510429,0.37,0.16,0.65,0.78
argonne,75,Infinity,1,1.528631285,0.28,0.11,0.66,0.83
argonne,748,117984.5354,1,1.011406056,0.33,0.21,0.58,0.62
argonne,81,7340.651925,1,2.07154047,0.14,0.05,0.49,0.78
argonne,922,2011.17776,1,1.942118227,0.16,0.05,0.55,0.83
argonne,783,221326.2136,1,1.003244646,0.31,0.21,0.53,0.58
argonne,313,2116.623797,1,1.006411062,0.4,0.25,0.58,0.62
argonne,121,237595.7532,0.008622672,1.004040637,0.86,0.84,0.78,0.83
argonne,545,16091.82499,1,1.493233784,0.17,0.08,0.63,0.78
argonne,777,893445.67,1,1.005434783,0.31,0.21,0.54,0.58
argonne,925,Infinity,1,1.563538296,0.2,0.07,0.68,0.88
argonne,119,169896.2701,0.005286141,1.006012256,0.89,0.87,0.81,0.86
argonne,86,41546.06696,1,1.682717111,0.23,0.13,0.57,0.75
argonne,72,18209.29461,1,1.500703235,0.25,0.07,0.63,0.79
argonne,589,5335.544139,1,1.625913891,0.18,0.07,0.61,0.81
argonne,1045,82264.26632,1,1.525414515,0.31,0.14,0.61,0.78
argonne,770,107423.2826,1,1.004204709,0.32,0.21,0.57,0.61
argonne,542,42753.36477,1,1.824929178,0.15,0.06,0.56,0.78
argonne,126,529801.0741,0.004061231,1.002506266,0.82,0.73,0.74,0.8
argonne,314,117201.1885,1,1.004501608,0.36,0.21,0.54,0.58
argonne,784,125119.0242,1,1.002488594,0.31,0.19,0.54,0.58
argonne,779,2786.820761,1,1.005911487,0.33,0.23,0.59,0.63
argonne,913,68564.88508,1,2.235800697,0.16,0.06,0.54,0.93
argonne,44,73693.69012,1,1.487771112,0.28,0.1,0.67,0.85
argonne,110,76462.94112,0.006022409,1.004220003,0.87,0.86,0.81,0.85
argonne,322,Infinity,1,1.353593202,0.31,0.19,0.75,0.87
argonne,746,49200.96724,1,1.002660838,0.33,0.22,0.59,0.63
argonne,574,Infinity,1,1.733074994,0.15,0.06,0.54,0.76
argonne,580,79122.57585,1,2.990879919,0.12,0.04,0.4,0.86
argonne,43,2659.512935,1,1.801749271,0.21,0.11,0.54,0.76
argonne,914,Infinity,1,1.690021231,0.19,0.06,0.67,0.89
argonne,128,166713.3995,0.00475698,1.002488594,0.82,0.73,0.73,0.8
argonne,587,76220.91315,1,2.005853358,0.14,0.05,0.49,0.76
argonne,573,Infinity,1,1.686319765,0.17,0.06,0.61,0.83
argonne,88,72328.24344,1,1.572718721,0.34,0.09,0.62,0.81
argonne,741,8713.286718,0.003273735,1.005572442,0.82,0.73,0.73,0.8
argonne,325,38352.95023,1,1.534482759,0.35,0.15,0.68,0.85
argonne,117,195193.7511,0.007656211,1.000741656,0.78,0.76,0.71,0.76
argonne,508,2666.176351,1,1.008185367,0.44,0.27,0.76,0.82
argonne,950,2937.634307,1,1.487046632,0.18,0.06,0.65,0.82
argonne,198,3474.224593,0.0115595,1.005813953,0.86,0.84,0.78,0.83
argonne,1030,96811.98492,1,1.445640474,0.27,0.16,0.64,0.79
argonne,361,Infinity,1,1.48004672,0.34,0.15,0.68,0.85
argonne,153,110316.2846,0.009671477,1.00308024,0.8,0.78,0.73,0.78
argonne,537,76141.26284,1,1.819146184,0.15,0.06,0.53,0.75
argonne,705,274404.0784,0.002585551,1.003357753,0.79,0.7,0.71,0.77
argonne,38,107104.6825,1,1.468408262,0.25,0.1,0.64,0.79
argonne,395,4891.035033,1,1.661186697,0.28,0.16,0.66,0.89
argonne,1037,2919.340425,1,1.671156526,0.25,0.13,0.56,0.78
argonne,359,681.9978051,1,1.366756032,0.31,0.13,0.73,0.86
argonne,957,9057.865396,1,1.515500795,0.35,0.15,0.6,0.79
argonne,392,59154.76891,1,1.649220817,0.32,0.11,0.65,0.86
argonne,1008,15327.97886,1,1.68738574,0.31,0.15,0.56,0.76
argonne,702,2121.247217,0.004121394,1.006664152,0.87,0.78,0.79,0.85
argonne,530,705.7970876,1,1.781506339,0.17,0.07,0.58,0.82
argonne,154,1150058.469,0.004541109,1.002156205,0.82,0.73,0.73,0.79
argonne,968,826.1658557,1,1.943881001,0.27,0.11,0.51,0.76
argonne,366,1008184.516,1,1.394865925,0.31,0.13,0.73,0.88
argonne,995,1890.638828,1,1.281158477,0.29,0.16,0.66,0.77
argonne,36,4891.035033,1,1.661186697,0.25,0.09,0.6,0.82
argonne,1001,101823.5198,1,2.870596566,0.23,0.09,0.38,0.85
argonne,539,3412.281695,1,1.562359128,0.17,0.07,0.61,0.78
argonne,961,6293.048595,1,1.367569838,0.34,0.16,0.65,0.79
argonne,196,1.21E+07,0.004718372,1.002216967,0.8,0.78,0.72,0.77
argonne,162,208130.3248,0.006823144,1.001914399,0.83,0.82,0.76,0.81
argonne,350,62752.52401,1,1.24194267,0.4,0.13,0.79,0.88
argonne,734,8132.954742,0.003527841,1.005561415,0.87,0.85,0.78,0.84
argonne,506,815605.9395,1,1.00516889,0.45,0.28,0.78,0.85
argonne,966,18135.78816,1,1.402156082,0.28,0.16,0.64,0.78
argonne,368,72328.24344,1,1.572718721,0.37,0.13,0.67,0.88
argonne,1006,2403168.073,1,1.294378698,0.38,0.21,0.68,0.79
argonne,31,7828.671916,1,1.693670886,0.25,0.09,0.58,0.82
argonne,992,6452.610608,1,1.634397528,0.3,0.13,0.56,0.77
argonne,501,896.062787,1,1.001780415,0.42,0.28,0.74,0.8
argonne,733,12135.87112,0.00551226,1.001904762,0.83,0.74,0.75,0.8
argonne,357,2004.336631,1,1.871810089,0.23,0.08,0.56,0.83
argonne,165,33506.13246,0.008522355,1.002497699,0.89,0.87,0.81,0.86
argonne,959,136600.507,1,2.718612818,0.22,0.1,0.4,0.84
argonne,191,3631206.33,0.003123498,1.002892263,0.8,0.78,0.72,0.77
argonne,1039,16994.33532,1,1.230769231,0.39,0.17,0.68,0.79
argonne,767,2590.506949,1,1.004424779,0.31,0.2,0.54,0.59
argonne,555,34281.79245,1,1.718472004,0.15,0.06,0.55,0.74
argonne,131,206.4586275,0.009776764,1.002123142,0.8,0.79,0.73,0.78
argonne,303,11483.87841,1,1.004598142,0.41,0.29,0.59,0.63
argonne,793,41355.58381,1,1.001362707,0.3,0.21,0.53,0.57
argonne,932,56428.74273,1,2.267131522,0.15,0.06,0.5,0.88
argonne,91,37008.51469,1,1.869079535,0.22,0.06,0.53,0.79
argonne,758,79786.34795,1,1.003527752,0.33,0.21,0.58,0.62
argonne,65,2029.912685,1,1.440701178,0.25,0.1,0.65,0.78
argonne,1052,296258.8647,1,1.333884981,0.35,0.17,0.66,0.79
argonne,794,48186.6162,1,1.008465319,0.31,0.23,0.54,0.59
argonne,304,126623.9581,1,1.006593559,0.44,0.31,0.63,0.67
argonne,136,55534.49778,0.012075089,1.001117545,0.88,0.86,0.8,0.85
argonne,552,Infinity,1,1.76542567,0.15,0.06,0.54,0.75
argonne,760,9955328.23,1,1.002998681,0.31,0.21,0.55,0.6
argonne,1055,11655.92826,1,1.363327149,0.28,0.16,0.65,0.78
argonne,62,90657.15102,1,1.385359845,0.32,0.12,0.71,0.84
argonne,599,7386.98168,1,2.342342342,0.13,0.05,0.45,0.79
argonne,96,Infinity,1,1.301607717,0.27,0.13,0.65,0.75
argonne,935,37102.12855,1,1.879155436,0.17,0.05,0.57,0.85
argonne,109,463334.4134,0.003636993,1.005398816,0.85,0.75,0.75,0.82
argonne,590,Infinity,1,1.886943085,0.15,0.06,0.51,0.76
argonne,564,Infinity,1,2.167676768,0.14,0.05,0.47,0.76
argonne,756,34057.83388,1,1.002629503,0.33,0.21,0.58,0.62
argonne,332,Infinity,1,2.31043257,0.14,0.05,0.49,0.85
argonne,100,49454.8302,1,1.851916813,0.23,0.08,0.55,0.82
argonne,54,68622.80443,1,1.698706964,0.26,0.1,0.62,0.86
argonne,903,2070.77109,1,1.908727515,0.17,0.05,0.57,0.84
argonne,769,270758.588,1,1.004350736,0.3,0.2,0.53,0.57
argonne,107,99767.92997,0.004225082,1.002310136,0.89,0.87,0.8,0.86
argonne,335,55599.8383,1,2.150775547,0.27,0.09,0.52,0.88
argonne,751,418723.8535,1,1.001821494,0.3,0.21,0.53,0.57
argonne,563,33937.98769,1,1.98655191,0.15,0.06,0.51,0.78
argonne,98,Infinity,1,1.764270153,0.29,0.14,0.54,0.76
argonne,597,Infinity,1,1.563538296,0.18,0.07,0.63,0.81
argonne,904,74686.73304,1,1.746764347,0.19,0.07,0.63,0.89
argonne,138,1127.528083,0.012361535,1.002091714,0.79,0.78,0.71,0.77
argonne,53,5294.04156,1,1.527862595,0.27,0.12,0.63,0.82
argonne,30,35875.22604,1,1.339237233,0.31,0.15,0.63,0.77
argonne,1007,4023.409454,1,1.54336368,0.31,0.16,0.6,0.78
argonne,993,1795.122088,1,1.58936991,0.26,0.14,0.59,0.78
argonne,369,Infinity,1,1.528631285,0.31,0.11,0.72,0.9
argonne,967,24776.36381,1,1.453534985,0.36,0.16,0.63,0.81
argonne,190,268139.2015,0.006684492,1.00284948,0.78,0.77,0.71,0.76
argonne,1038,420743.7041,1,1.178589421,0.37,0.19,0.68,0.78
argonne,732,1126.73931,0.003050249,1.002091714,0.78,0.7,0.7,0.76
argonne,500,14083.62183,1,1.005031275,0.43,0.28,0.75,0.81
argonne,958,11997.52474,1,1.30538536,0.35,0.16,0.66,0.77
argonne,164,421.7872751,0.010374912,1.004977483,0.84,0.76,0.75,0.82
argonne,356,Infinity,1,1.428543268,0.3,0.22,0.73,0.89
argonne,538,44009.81153,1,2.201214575,0.14,0.06,0.49,0.8
argonne,960,153053.4329,1,1.315915916,0.38,0.17,0.66,0.79
argonne,994,1527.305391,1,1.298053528,0.36,0.16,0.65,0.77
argonne,1000,2224.322583,1,1.521508232,0.34,0.14,0.61,0.77
argonne,37,80180.06479,1,1.50221533,0.31,0.16,0.61,0.76
argonne,351,18209.29461,1,1.500703235,0.26,0.07,0.65,0.82
argonne,163,1.64E+07,0.00691358,1.003469641,0.79,0.75,0.71,0.77
argonne,507,5868.84769,1,1.006439979,0.44,0.28,0.76,0.83
argonne,735,70093.99845,0.001552795,1.0059375,0.8,0.71,0.72,0.78
argonne,197,12120.63183,0.007603117,1.001904762,0.83,0.77,0.75,0.8
argonne,956,29399.39572,1,1.239067894,0.29,0.16,0.66,0.78
argonne,358,7377.520557,1,1.64978226,0.32,0.11,0.61,0.84
argonne,1036,1899.786875,1,1.188298918,0.35,0.18,0.68,0.79
argonne,531,10492.12165,1,1.550185874,0.19,0.08,0.65,0.82
argonne,703,49200.96719,0.003695982,1.002660838,0.89,0.85,0.8,0.86
argonne,367,Infinity,1,1.301607717,0.31,0.18,0.73,0.84
argonne,969,6698.826405,1,1.473705834,0.34,0.15,0.61,0.79
argonne,155,35577.78557,0.025106967,1.00797526,0.86,0.84,0.77,0.83
argonne,393,35875.22604,1,1.339237233,0.35,0.18,0.71,0.86
argonne,1009,5529.296106,1,1.399768474,0.28,0.16,0.63,0.77
argonne,199,1046.456081,0.006792819,1.004876859,0.78,0.76,0.7,0.76
argonne,1031,91537.43615,1,2.010558583,0.24,0.12,0.51,0.78
argonne,509,3.60E+07,1,1.006263392,0.45,0.28,0.78,0.84
argonne,951,7386.98168,1,2.342342342,0.15,0.04,0.49,0.85
argonne,39,Infinity,1,2.31043257,0.13,0.05,0.45,0.78
argonne,394,Infinity,1,1.754610463,0.31,0.1,0.6,0.85
argonne,152,126623.9579,0.009583563,1.006593559,0.97,0.95,0.89,0.94
argonne,360,3950.557146,1,1.891239571,0.23,0.09,0.55,0.83
argonne,704,403417.1419,0.003372681,1.001689475,0.79,0.7,0.71,0.76
argonne,536,1091.596899,1,1.522791575,0.19,0.07,0.67,0.82
argonne,596,465.2791392,1,1.782021425,0.15,0.06,0.53,0.76
argonne,334,73297.49424,1,1.452375691,0.29,0.15,0.69,0.84
argonne,106,13708.40196,0.003322259,1.005138746,0.82,0.77,0.73,0.8
argonne,99,Infinity,1,2.083495146,0.2,0.1,0.48,0.76
argonne,562,71685.17237,1,1.726841244,0.17,0.07,0.6,0.82
argonne,750,80885.47557,1,1.003010753,0.3,0.21,0.52,0.57
argonne,52,11632.88581,1,1.474301483,0.32,0.16,0.61,0.76
argonne,139,21542.62972,0.002781641,1.009126009,0.82,0.73,0.72,0.8
argonne,905,73798.43371,1,2.170838823,0.15,0.04,0.51,0.85
argonne,757,847562.3428,1,1.005422993,0.33,0.21,0.58,0.62
argonne,565,24791.74362,1,1.638191738,0.18,0.07,0.64,0.82
argonne,101,59154.76891,1,1.649220817,0.29,0.13,0.58,0.77
argonne,333,9745.882012,1,1.426804124,0.3,0.13,0.7,0.85
argonne,591,678.5974885,1,1.820714286,0.15,0.06,0.53,0.76
argonne,902,Infinity,1,2.31043257,0.14,0.05,0.49,0.85
argonne,768,21542.6297,1,1.009126009,0.31,0.2,0.53,0.58
argonne,55,Infinity,1,1.577411168,0.26,0.11,0.61,0.83
argonne,137,381.904247,0.005216484,1.002353556,0.79,0.77,0.71,0.77
argonne,305,381.904247,1,1.002353556,0.35,0.25,0.53,0.57
argonne,761,17330.77471,1,1.005166331,0.32,0.2,0.55,0.6
argonne,553,58948.99929,1,2.027258392,0.14,0.05,0.49,0.76
argonne,795,1298455.342,1,1.00883087,0.33,0.21,0.57,0.62
argonne,97,2004.336631,1,1.871810089,0.21,0.1,0.51,0.75
argonne,108,254537.2818,0.003041825,1.002745577,0.8,0.79,0.73,0.78
argonne,934,Infinity,1,1.484187903,0.18,0.06,0.67,0.83
argonne,598,Infinity,1,1.484187903,0.17,0.08,0.64,0.79
argonne,63,78062.10751,1,1.597859575,0.29,0.1,0.62,0.82
argonne,1054,65020.01858,1,1.285664152,0.31,0.17,0.67,0.79
argonne,792,1906322.894,1,1.010268698,0.34,0.22,0.59,0.64
argonne,554,1244.93247,1,2.194495413,0.14,0.04,0.47,0.78
argonne,766,28979.33149,1,1.004514049,0.34,0.22,0.59,0.64
argonne,302,449852.1756,1,1.002026342,0.37,0.22,0.56,0.59
argonne,130,1193525.128,0.031323077,1.006815788,0.87,0.85,0.78,0.85
argonne,1053,2232.222647,1,1.213367019,0.3,0.17,0.69,0.79
argonne,64,3948.665243,1,1.536649215,0.23,0.11,0.62,0.78
argonne,933,42753.36477,1,1.824929178,0.16,0.06,0.59,0.84
argonne,759,1150104.36,1,1.002156205,0.31,0.19,0.55,0.59
argonne,90,1356.263911,1,1.436861314,0.31,0.16,0.62,0.75
argonne,419,7365.935079,1,2.342342342,0.26,0.04,0.49,0.85
argonne,841,274404.0763,1,1.003357753,0.31,0.22,0.53,0.57
argonne,270,206.4586275,1,1.002123142,0.37,0.22,0.54,0.58
argonne,426,9311.724684,1,1.004511895,0.44,0.28,0.76,0.82
argonne,614,2312.495662,1,1.666337611,0.16,0.07,0.59,0.78
argonne,284,49045.89862,1,1.002470309,0.41,0.29,0.6,0.64
argonne,248,20823.67269,1,1.00302748,0.33,0.22,0.55,0.59
argonne,846,697244.4646,1,1.004043127,0.33,0.21,0.58,0.62
argonne,283,76462.94151,1,1.004220003,0.35,0.24,0.58,0.62
argonne,613,1310.759728,1,1.751381215,0.15,0.06,0.55,0.75
argonne,421,69096.58212,1,2.719023491,0.2,0.09,0.47,0.95
argonne,879,64496.20412,1,2.184598379,0.15,0.04,0.51,0.85
argonne,277,216157.1838,1,1.009461967,0.39,0.24,0.56,0.61
argonne,884,83399.19095,1,1.659519555,0.19,0.06,0.65,0.87
argonne,428,15322.21005,1,1.003289041,0.44,0.27,0.76,0.83
argonne,870,3950.445207,1,1.548358734,0.17,0.06,0.64,0.81
argonne,241,1724.379864,1,1.00378993,0.36,0.22,0.53,0.57
argonne,625,79851.07147,1,1.707207207,0.17,0.07,0.6,0.81
argonne,417,23576.3717,1,1.506234771,0.37,0.12,0.72,0.88
argonne,877,Infinity,1,2.060517195,0.15,0.05,0.53,0.84
argonne,279,13893.16014,1,1.003861004,0.31,0.21,0.53,0.58
argonne,883,Infinity,1,1.886943085,0.17,0.05,0.57,0.85
argonne,410,78062.10751,1,1.597859575,0.31,0.11,0.67,0.89
argonne,622,769.4943625,1,1.792327266,0.17,0.06,0.58,0.84
argonne,246,8713.297328,1,1.005572442,0.31,0.2,0.54,0.59
argonne,848,44009.81153,1,2.201214575,0.16,0.06,0.53,0.87
argonne,676,847562.3852,0.004314477,1.005422993,0.87,0.83,0.79,0.85
argonne,444,3286.012756,1,1.004455761,0.42,0.27,0.73,0.79
argonne,212,1127.528083,1,1.002091714,0.36,0.22,0.53,0.57
argonne,682,28979.33143,0.003392939,1.004514049,0.9,0.86,0.81,0.88
argonne,823,527299.1545,1,1.003832641,0.32,0.21,0.56,0.61
argonne,649,36231.08931,0.006458384,1.00797526,0.85,0.76,0.76,0.83
argonne,685,201546.9787,0.003102122,1.002238806,0.79,0.7,0.71,0.77
argonne,215,340620.7048,1,1.004070747,0.41,0.24,0.59,0.63
argonne,443,8401.04839,1,1.001484414,0.43,0.28,0.74,0.81
argonne,671,2060.959033,0.00394526,1.004334365,0.88,0.82,0.8,0.86
argonne,488,2843.672129,1,1.001524855,0.43,0.28,0.74,0.81
argonne,824,256504.395,1,1.004388498,0.33,0.21,0.57,0.61
argonne,481,41837.14473,1,1.012035692,0.44,0.27,0.76,0.83
argonne,475,5161.133418,1,1.003543914,0.43,0.28,0.75,0.81
argonne,647,1.64E+07,0.005185185,1.003469641,0.79,0.7,0.71,0.77
argonne,223,5412571.642,1,1.004115226,0.38,0.28,0.53,0.57
argonne,812,12135.87114,1,1.001904762,0.31,0.2,0.55,0.59
argonne,678,422.3295263,0.00613063,1.005215742,0.84,0.75,0.75,0.81
argonne,224,2590.507039,1,1.004424779,0.31,0.2,0.54,0.59
argonne,640,5108.384865,0.002283105,1.005194491,0.8,0.71,0.72,0.78
argonne,472,69951.38274,1,1.00356837,0.43,0.27,0.75,0.81
argonne,486,4344.578595,1,1.003658274,0.43,0.27,0.74,0.81
argonne,815,5539.217916,1,1.004614094,0.3,0.19,0.53,0.58
argonne,882,58508.00526,1,1.833026961,0.16,0.05,0.58,0.82
argonne,278,28907.9121,1,1.004236508,0.42,0.29,0.59,0.64
argonne,876,15904.89954,1,1.46861268,0.18,0.06,0.67,0.83
argonne,623,11434.77552,1,1.775451741,0.15,0.06,0.55,0.76
argonne,411,15901.32645,1,1.463101939,0.26,0.1,0.67,0.83
argonne,849,7321.743064,1,2.3988,0.14,0.04,0.48,0.86
argonne,247,529801.0569,1,1.002506266,0.31,0.21,0.54,0.59
argonne,429,95754.55437,1,1.005771331,0.43,0.27,0.76,0.82
argonne,871,5335.544139,1,1.625913891,0.19,0.07,0.66,0.87
argonne,885,1091.596899,1,1.522791575,0.2,0.06,0.71,0.87
argonne,240,1638.291845,1,1.003376749,0.31,0.21,0.54,0.59
argonne,416,10693.21929,1,1.525847377,0.27,0.11,0.68,0.85
argonne,624,7321.743064,1,2.3988,0.13,0.05,0.43,0.77
argonne,847,113563.1325,1,1.004248407,0.34,0.23,0.6,0.63
argonne,249,767529.9207,1,1.004938272,0.39,0.22,0.55,0.59
argonne,420,Infinity,1,1.764270153,0.32,0.08,0.59,0.84
argonne,612,56428.74273,1,2.267131522,0.14,0.06,0.46,0.81
argonne,276,3631206.12,1,1.002892263,0.37,0.23,0.53,0.57
argonne,878,11434.77552,1,1.775451741,0.16,0.05,0.61,0.84
argonne,282,13708.40195,1,1.005138746,0.36,0.23,0.54,0.59
argonne,418,107104.6825,1,1.468408262,0.26,0.11,0.67,0.83
argonne,840,208690.8354,1,1.002188483,0.31,0.21,0.54,0.58
argonne,285,1600.207696,1,1.001780415,0.31,0.2,0.54,0.58
argonne,271,23602.71057,1,1.004886221,0.42,0.31,0.54,0.58
argonne,615,11671.64042,1,1.656589147,0.16,0.06,0.57,0.75
argonne,427,1205.39299,1,1.00616991,0.43,0.27,0.75,0.82
argonne,487,4874.904599,1,1.006168513,0.44,0.27,0.77,0.83
argonne,225,99767.9293,1,1.002310136,0.4,0.27,0.59,0.63
argonne,473,48092.24122,1,1.0042123,0.44,0.28,0.77,0.83
argonne,641,73240.31805,0.003287743,1.001976805,0.8,0.71,0.72,0.77
argonne,814,101578.4756,1,1.003268737,0.31,0.19,0.54,0.58
argonne,646,117212.3491,0.00383959,1.004501608,0.82,0.73,0.73,0.79
argonne,474,1013440.077,1,1.002432597,0.44,0.28,0.76,0.82
argonne,222,33646.14044,1,1.001338688,0.34,0.2,0.54,0.58
argonne,480,43227.19034,1,1.005482148,0.44,0.27,0.77,0.83
argonne,813,1.64E+07,1,1.003469641,0.3,0.21,0.53,0.57
argonne,679,1038.681615,0.003028009,1.001516588,0.84,0.75,0.76,0.81
argonne,214,1048725.123,1,1.004086709,0.37,0.21,0.53,0.57
argonne,670,165527.4227,0.002857726,1.004100041,0.79,0.71,0.72,0.77
argonne,442,6163.487458,1,1.002637479,0.43,0.27,0.75,0.81
argonne,684,221326.2136,0.003880481,1.003244646,0.8,0.72,0.72,0.78
argonne,825,36231.08933,1,1.00797526,0.32,0.22,0.54,0.59
argonne,489,272221.5226,1,1.004932447,0.42,0.26,0.74,0.8
argonne,683,115833.9753,0.004302926,1.001724634,0.78,0.69,0.7,0.75
argonne,445,1620.310895,1,1.002291242,0.42,0.27,0.74,0.8
argonne,677,1198138.865,0.003892427,1.00426515,0.78,0.7,0.7,0.76
argonne,213,35577.78558,1,1.00797526,0.32,0.22,0.54,0.6
argonne,822,117212.348,1,1.004501608,0.31,0.19,0.54,0.58
argonne,648,292038.4251,0.002814739,1.006699304,0.85,0.76,0.76,0.83
argonne,458,10005.55656,1,1.008740781,0.42,0.3,0.73,0.8
argonne,800,5412936.644,1,1.004115226,0.3,0.22,0.53,0.57
argonne,493,16227.06972,1,1.007362645,0.45,0.3,0.77,0.84
argonne,231,463334.4134,1,1.005398816,0.39,0.21,0.55,0.6
argonne,655,1639.237604,0.004806537,1.003376749,0.82,0.73,0.73,0.8
argonne,467,5562.228767,1,1.009480337,0.42,0.27,0.71,0.79
argonne,807,1198138.849,1,1.00426515,0.3,0.22,0.52,0.57
argonne,209,165569.6272,0.003470096,1.003894241,0.81,0.78,0.74,0.79
argonne,699,342234.8822,0.005591278,1.004775952,0.88,0.78,0.79,0.85
argonne,460,34789.41565,1,1.004124026,0.44,0.27,0.76,0.82
argonne,652,208690.8363,0.002456332,1.002188483,0.81,0.79,0.73,0.78
argonne,236,72989.90987,1,1.001844775,0.37,0.24,0.54,0.58
argonne,838,7569.653435,1,1.006979695,0.3,0.21,0.52,0.56
argonne,494,51985.76141,1,1.008139346,0.45,0.29,0.77,0.85
argonne,469,55809.38578,1,1.01021166,0.43,0.28,0.73,0.81
argonne,831,201546.9796,1,1.002238806,0.3,0.22,0.53,0.57
argonne,200,209217.2136,0.005330964,1.004126701,0.8,0.78,0.72,0.78
argonne,456,6770.773875,1,1.003521954,0.42,0.27,0.74,0.8
argonne,664,195155.2359,0.00271672,1.00098912,0.77,0.69,0.69,0.74
argonne,690,270758.5876,0.003442914,1.004350736,0.79,0.7,0.71,0.77
argonne,238,23692.50773,1,1.006714789,0.37,0.21,0.53,0.58
argonne,836,30665.65416,1,1.004156276,0.33,0.21,0.58,0.62
argonne,697,7569.653435,0.004095133,1.006979695,0.79,0.7,0.71,0.77
argonne,663,1600.205209,0.00473653,1.001780415,0.81,0.72,0.73,0.78
argonne,451,12637.20864,1,1.003354016,0.42,0.27,0.74,0.8
argonne,809,1600.205209,1,1.001780415,0.31,0.2,0.54,0.58
argonne,207,321613.579,0.001993355,1.00501002,0.78,0.76,0.71,0.76
argonne,405,Infinity,1,1.721192871,0.27,0.12,0.64,0.88
argonne,637,216804.6829,0.00183756,1.009649286,0.85,0.76,0.75,0.83
argonne,253,70011.1131,1,1.005623243,0.37,0.29,0.53,0.57
argonne,896,26754.47938,1,1.699080524,0.17,0.05,0.6,0.83
argonne,298,1.64E+07,1,1.003469641,0.36,0.22,0.53,0.57
argonne,862,Infinity,1,2.167676768,0.15,0.04,0.52,0.84
argonne,608,103674.3991,1,1.638211382,0.18,0.07,0.63,0.83
argonne,254,169896.2641,1,1.006012256,0.41,0.27,0.58,0.63
argonne,630,Infinity,1,2.060517195,0.14,0.05,0.48,0.76
argonne,402,1803.702291,1,1.572896596,0.3,0.14,0.66,0.85
argonne,865,76141.26284,1,1.819146184,0.16,0.05,0.58,0.83
argonne,891,61202.85316,1,1.746776084,0.18,0.06,0.63,0.88
argonne,606,45523.61185,1,2.631267092,0.13,0.04,0.41,0.79
argonne,434,244215.1312,1,1.007033248,0.43,0.3,0.75,0.81
argonne,262,416604.2581,1,1.001821494,0.37,0.22,0.53,0.57
argonne,898,769.4943625,1,1.792327266,0.18,0.06,0.63,0.91
argonne,296,55534.49758,1,1.001117545,0.4,0.3,0.58,0.62
argonne,853,19825.43871,1,1.919410319,0.16,0.05,0.54,0.83
argonne,639,41355.58384,0.003174603,1.001362707,0.78,0.7,0.71,0.76
argonne,291,116012.4094,1,1.011196351,0.4,0.27,0.58,0.63
argonne,265,1150058.586,1,1.002156205,0.34,0.21,0.55,0.59
argonne,433,3623.753377,1,1.003726708,0.42,0.28,0.73,0.81
argonne,601,497.3197873,1,2.155371901,0.14,0.06,0.49,0.79
argonne,854,2312.495662,1,1.666337611,0.17,0.06,0.62,0.82
argonne,837,422.3295263,1,1.005215742,0.31,0.23,0.55,0.59
argonne,239,53391.20171,1,1.003195507,0.39,0.31,0.55,0.6
argonne,450,2647.72428,1,1.003309747,0.43,0.27,0.75,0.82
argonne,662,117984.5366,0.004510507,1.011406056,0.87,0.85,0.78,0.85
argonne,206,101572.5035,0.00511866,1.003268737,0.82,0.73,0.73,0.79
argonne,808,2060.959033,1,1.004334365,0.33,0.24,0.59,0.62
argonne,696,165761.6982,0.003517316,1.004348417,0.86,0.82,0.78,0.84
argonne,468,68515.08379,1,1.003737445,0.42,0.26,0.73,0.8
argonne,830,1969.865455,1,1.002966343,0.32,0.22,0.57,0.61
argonne,691,101578.4771,0.00511866,1.003268737,0.82,0.73,0.73,0.79
argonne,201,49045.89857,0.006633813,1.002470309,0.91,0.89,0.84,0.88
argonne,665,256504.392,0.007358013,1.004388498,0.85,0.76,0.77,0.83
argonne,457,430886.9769,1,1.002862477,0.43,0.27,0.74,0.81
argonne,698,23708.33375,0.003508772,1.003521954,0.77,0.69,0.7,0.75
argonne,208,28907.91205,0.003851444,1.004236508,0.91,0.9,0.82,0.89
argonne,806,56214.6262,1,1.001422764,0.32,0.21,0.57,0.61
argonne,495,41654.6878,1,1.002599891,0.44,0.28,0.77,0.83
argonne,653,291418.3592,0.00444388,1.006389776,0.88,0.78,0.8,0.85
argonne,461,27665.80653,1,1.006140267,0.44,0.29,0.76,0.82
argonne,839,8713.286711,1,1.005572442,0.31,0.2,0.54,0.59
argonne,237,30838.15462,1,1.003600111,0.4,0.28,0.59,0.63
argonne,459,2149.480827,1,1.004295414,0.43,0.28,0.76,0.82
argonne,801,2985.877936,1,1.002190923,0.31,0.19,0.55,0.59
argonne,230,21542.6297,1,1.009126009,0.31,0.2,0.53,0.58
argonne,466,8540.786405,1,1.005330358,0.44,0.28,0.76,0.82
argonne,654,110856.4294,0.005066012,1.00323475,0.79,0.7,0.71,0.77
argonne,492,479755.661,1,1.010614621,0.44,0.29,0.75,0.83
argonne,264,33506.13226,1,1.002497699,0.4,0.24,0.58,0.63
argonne,600,19825.43871,1,1.919410319,0.15,0.06,0.52,0.79
argonne,432,637764.9147,1,1.003375934,0.43,0.28,0.74,0.81
argonne,290,101572.5019,1,1.003268737,0.38,0.24,0.54,0.58
argonne,855,978.2578835,1,1.548892284,0.2,0.08,0.71,0.89
argonne,297,2053.48686,1,1.004210005,0.41,0.27,0.6,0.63
argonne,899,Infinity,1,1.734196117,0.17,0.05,0.6,0.83
argonne,435,1341.346859,1,1.004588264,0.42,0.26,0.73,0.8
argonne,607,2937.634307,1,1.487046632,0.17,0.08,0.63,0.79
argonne,263,80919.48396,1,1.003010753,0.36,0.21,0.53,0.57
argonne,852,18207.7653,1,1.510618216,0.18,0.06,0.65,0.82
argonne,638,3624.37058,0.004179437,1.005745516,0.89,0.79,0.8,0.86
argonne,255,421.7872751,1,1.004977483,0.37,0.25,0.55,0.6
argonne,403,Infinity,1,1.720455624,0.27,0.1,0.61,0.84
argonne,631,Infinity,1,2.31043257,0.13,0.05,0.45,0.78
argonne,890,678.5974885,1,1.820714286,0.17,0.05,0.59,0.84
argonne,864,570.5132234,1,1.820446735,0.17,0.05,0.58,0.84
argonne,636,23635.5858,0.003611613,1.004886221,0.8,0.71,0.72,0.77
argonne,404,1234.459302,1,2.19248396,0.15,0.06,0.51,0.84
argonne,252,195193.7511,1,1.000741656,0.31,0.22,0.53,0.57
argonne,863,1969.686675,1,1.603413143,0.2,0.07,0.68,0.89
argonne,609,Infinity,1,1.859527478,0.15,0.06,0.52,0.75
argonne,299,1800300.178,1,1.010095825,0.42,0.26,0.59,0.65
argonne,897,3412.281695,1,1.562359128,0.18,0.06,0.64,0.83
argonne,46,57711.63577,1,1.646561772,0.3,0.15,0.57,0.76
argonne,549,Infinity,1,1.494045534,0.19,0.08,0.65,0.82
argonne,911,41542.94833,1,1.877218225,0.17,0.05,0.58,0.84
argonne,582,647.0757524,1,1.760907003,0.15,0.06,0.54,0.75
argonne,79,1059.196552,1,1.447266209,0.28,0.12,0.69,0.82
argonne,112,41120.44419,0.004535147,1.001362707,0.79,0.77,0.72,0.77
argonne,320,Infinity,1,1.570456754,0.26,0.1,0.65,0.82
argonne,744,470226.367,1,1.003281963,0.3,0.21,0.53,0.57
argonne,576,3193.412964,1,2.562388592,0.13,0.05,0.43,0.79
argonne,916,7396.551876,1,1.785661126,0.16,0.05,0.56,0.82
argonne,318,7340.651925,1,2.07154047,0.15,0.05,0.52,0.84
argonne,788,13892.27323,1,1.003861004,0.31,0.21,0.53,0.58
argonne,41,38352.95023,1,1.534482759,0.31,0.14,0.61,0.76
argonne,571,59283.61355,1,1.703128732,0.17,0.06,0.6,0.81
argonne,743,37610.74959,1,1.001178319,0.3,0.21,0.53,0.57
argonne,327,37401.4471,1,1.621684504,0.26,0.09,0.64,0.83
argonne,115,5412571.447,0.00908605,1.004115226,0.8,0.78,0.72,0.78
argonne,929,7927.865621,1,1.778163975,0.18,0.05,0.61,0.87
argonne,585,18207.7653,1,1.510618216,0.17,0.08,0.63,0.79
argonne,1049,1416.064712,1,1.25877724,0.39,0.18,0.67,0.79
argonne,83,700.9240126,1,1.547279793,0.27,0.11,0.65,0.86
argonne,578,7332.22469,1,2.07154047,0.14,0.05,0.49,0.78
argonne,920,Infinity,1,2.011216566,0.16,0.04,0.53,0.84
argonne,1040,6155.616347,1,1.256992481,0.39,0.18,0.68,0.79
argonne,77,Infinity,1,1.754610463,0.28,0.13,0.54,0.76
argonne,311,23672.71435,1,1.003286385,0.37,0.22,0.53,0.57
argonne,123,449852.1724,0.005257305,1.002026342,0.84,0.82,0.77,0.81
argonne,547,68564.88508,1,2.235800697,0.15,0.06,0.49,0.85
argonne,775,1724.165909,1,1.00378993,0.3,0.21,0.52,0.57
argonne,48,4797.982678,1,1.61314459,0.22,0.09,0.6,0.79
argonne,781,1209239.059,1,1.006878176,0.32,0.23,0.55,0.6
argonne,70,Infinity,1,1.348263714,0.32,0.13,0.74,0.87
argonne,1047,4628.546924,1,1.520812183,0.33,0.16,0.61,0.78
argonne,329,1356.263911,1,1.436861314,0.34,0.11,0.69,0.83
argonne,927,3943.666321,1,2.007273877,0.15,0.04,0.53,0.82
argonne,84,1008184.516,1,1.394865925,0.29,0.15,0.68,0.83
argonne,786,1038.681615,1,1.001516588,0.32,0.19,0.55,0.6
argonne,772,127477.3832,1,1.007222724,0.34,0.22,0.6,0.65
argonne,540,2011.17776,1,1.942118227,0.14,0.05,0.5,0.75
argonne,124,1600.207696,0.00473653,1.001780415,0.81,0.72,0.73,0.78
argonne,918,59283.61355,1,1.703128732,0.18,0.06,0.65,0.88
argonne,316,113111.7111,1,1.003746722,0.42,0.29,0.61,0.65
argonne,184,20823.67272,0.005571031,1.00302748,0.83,0.74,0.74,0.8
argonne,514,3233.378161,1,1.006009783,0.44,0.28,0.76,0.83
argonne,726,113563.1332,0.003483454,1.004248407,0.9,0.88,0.82,0.88
argonne,342,41546.06696,1,1.682717111,0.26,0.08,0.63,0.84
argonne,170,2930.923671,0.007622677,1.004948125,0.91,0.9,0.85,0.89
argonne,1013,Infinity,1,1.502411874,0.34,0.14,0.62,0.78
argonne,24,51778.61973,1,1.570358952,0.26,0.11,0.63,0.83
argonne,987,128524.0926,1,1.245855045,0.37,0.2,0.68,0.79
argonne,389,69649.36987,1,1.509010297,0.32,0.18,0.71,0.9
argonne,973,45685.40056,1,1.530905398,0.34,0.16,0.6,0.79
argonne,719,470226.3676,0.003412969,1.003281963,0.79,0.7,0.71,0.76
argonne,177,129767.4418,0.00715198,1.003589744,0.78,0.76,0.71,0.76
argonne,345,31453.63656,1,1.648599158,0.26,0.11,0.65,0.86
argonne,721,5539.217914,0.004173623,1.004614094,0.81,0.72,0.72,0.79
argonne,513,1139.547014,1,1.002778232,0.43,0.28,0.75,0.82
argonne,183,13893.16016,0.001098298,1.003861004,0.82,0.73,0.73,0.8
argonne,974,81854.57722,1,1.230224964,0.3,0.17,0.68,0.79
argonne,148,1638.291844,0.006008171,1.003376749,0.82,0.73,0.73,0.8
argonne,980,576279.8621,1,1.189526185,0.39,0.18,0.68,0.78
argonne,23,Infinity,1,1.720455624,0.24,0.13,0.55,0.76
argonne,1014,71356.0419,1,1.410023493,0.31,0.14,0.63,0.78
argonne,717,54473.42988,0.00250941,1.008468802,0.83,0.73,0.74,0.8
argonne,525,1977.346282,1,1.003861004,0.41,0.27,0.7,0.78
argonne,141,767529.9079,0.007042254,1.004938272,0.82,0.8,0.74,0.8
argonne,373,11845.62558,1,1.412631222,0.35,0.2,0.76,0.9
argonne,4,7318.724011,1,2.253664036,0.19,0.08,0.45,0.77
argonne,989,43361.5096,1,1.339648799,0.34,0.16,0.65,0.79
argonne,387,37008.51469,1,1.869079535,0.23,0.06,0.57,0.85
argonne,942,3812.545144,1,1.889029004,0.17,0.06,0.61,0.88
argonne,728,208.60537,0.004725436,1.002614379,0.79,0.7,0.71,0.77
argonne,15,55792.58769,1,1.458548585,0.22,0.11,0.63,0.77
argonne,1022,9257.968207,1,1.288779402,0.37,0.17,0.67,0.79
argonne,380,44932.69046,1,2.613399728,0.26,0.1,0.45,0.86
argonne,3,2936.45747,1,1.473810339,0.25,0.14,0.63,0.79
argonne,374,49454.8302,1,1.851916813,0.25,0.1,0.6,0.9
argonne,146,5193.679114,0.007285398,1.004455761,0.77,0.72,0.69,0.74
argonne,522,1789.85712,1,1.00257566,0.43,0.26,0.74,0.81
argonne,710,3599276.513,0.003101256,1.004361371,0.89,0.85,0.8,0.86
argonne,1025,1986.385502,1,1.84178499,0.29,0.12,0.53,0.76
argonne,12,562.1365746,1,1.729200653,0.24,0.07,0.58,0.79
argonne,945,58948.99929,1,2.027258392,0.15,0.04,0.55,0.85
argonne,179,2820.772716,0.004948964,1.003103662,0.82,0.73,0.73,0.8
argonne,926,11671.64042,1,1.656589147,0.17,0.05,0.62,0.84
argonne,328,562.1365746,1,1.729200653,0.25,0.12,0.61,0.84
argonne,85,Infinity,1,1.960839519,0.22,0.06,0.54,0.84
argonne,1046,20919.75351,1,1.636909464,0.32,0.14,0.61,0.81
argonne,71,44932.69046,1,2.613399728,0.24,0.09,0.42,0.79
argonne,541,73798.43371,1,2.170838823,0.13,0.05,0.46,0.77
argonne,773,77230.76463,1,1.004220003,0.33,0.21,0.57,0.61
argonne,317,1641300.199,1,1.0029843,0.33,0.21,0.55,0.59
argonne,919,10626.9166,1,1.995592181,0.17,0.06,0.61,0.92
argonne,125,168260.242,0.005411255,1.004075533,0.87,0.86,0.8,0.85
argonne,787,23635.58579,1,1.004886221,0.3,0.21,0.53,0.57
argonne,76,622681.6951,1,3.064827065,0.16,0.08,0.35,0.79
argonne,1041,3751.72522,1,1.352967626,0.37,0.15,0.65,0.78
argonne,579,180174.4589,1,2.139085546,0.15,0.06,0.51,0.84
argonne,82,73297.49424,1,1.452375691,0.26,0.11,0.62,0.76
argonne,921,Infinity,1,1.918048318,0.16,0.05,0.56,0.84
argonne,780,14793.0981,1,1.004990643,0.31,0.2,0.55,0.59
argonne,49,3193.412964,1,2.562388592,0.13,0.05,0.43,0.79
argonne,122,4905.311072,0.003124249,1.005194491,0.81,0.79,0.74,0.79
argonne,310,41120.44416,1,1.001362707,0.35,0.21,0.54,0.58
argonne,774,1639.237605,1,1.003376749,0.31,0.19,0.54,0.59
argonne,546,37102.12855,1,1.879155436,0.16,0.06,0.53,0.79
argonne,40,643.725313,1,1.446251768,0.31,0.12,0.61,0.76
argonne,789,1046.750348,1,1.005121951,0.3,0.21,0.52,0.56
argonne,319,54835.71341,1,1.552840562,0.28,0.15,0.68,0.89
argonne,917,497.3197873,1,2.155371901,0.15,0.05,0.53,0.85
argonne,1048,Infinity,1,1.512163477,0.34,0.13,0.6,0.78
argonne,584,83399.19095,1,1.659519555,0.17,0.06,0.6,0.81
argonne,742,33627.90319,1,1.002143623,0.3,0.2,0.53,0.57
argonne,570,64496.20412,1,2.184598379,0.14,0.05,0.46,0.77
argonne,928,55968.50908,1,1.711016379,0.19,0.06,0.64,0.88
argonne,114,2116.623797,0.005495192,1.006411062,0.88,0.86,0.81,0.86
argonne,326,478.7596773,1,2.118029237,0.23,0.11,0.53,0.85
argonne,548,3943.666321,1,2.007273877,0.14,0.05,0.48,0.74
argonne,910,79122.57585,1,2.990879919,0.13,0.04,0.44,0.95
argonne,47,16089.84594,1,1.467889908,0.25,0.09,0.63,0.78
argonne,321,43956.31825,1,2.079954093,0.23,0.15,0.55,0.88
argonne,113,91364.14662,0.005429108,1.003773585,0.81,0.73,0.73,0.79
argonne,577,Infinity,1,1.734196117,0.15,0.06,0.55,0.74
argonne,745,5196.765693,1,1.004455761,0.3,0.21,0.51,0.56
argonne,78,22712.23283,1,1.451219512,0.3,0.15,0.63,0.76
argonne,583,9674.805304,1,1.786574871,0.15,0.06,0.54,0.75
argonne,147,80919.48394,0.006859593,1.003010753,0.79,0.76,0.71,0.77
argonne,375,23015.5351,1,1.470460574,0.32,0.15,0.66,0.84
argonne,711,529800.1308,0.003436426,1.002506266,0.82,0.73,0.74,0.8
argonne,523,6570.261306,1,1.003773585,0.43,0.26,0.74,0.81
argonne,2,Infinity,1,1.428543268,0.28,0.11,0.67,0.83
argonne,381,3948.665243,1,1.536649215,0.24,0.05,0.64,0.81
argonne,178,381006.7,0.011467116,1.001689475,0.8,0.78,0.72,0.77
argonne,944,15812.0151,1,1.489073881,0.18,0.06,0.67,0.83
argonne,13,5737.51022,1,1.654465131,0.29,0.14,0.62,0.83
argonne,1024,89889.87933,1,1.3905521,0.33,0.16,0.65,0.8
argonne,386,1162.787959,1,2.832380517,0.18,0.07,0.41,0.87
argonne,5,7377.520557,1,1.64978226,0.28,0.14,0.55,0.75
argonne,988,6070.607885,1,1.32547345,0.37,0.16,0.65,0.77
argonne,524,15927.73568,1,1.010041923,0.44,0.28,0.77,0.84
argonne,716,322190.9606,0.001328904,1.00501002,0.77,0.69,0.7,0.75
argonne,372,15816.4373,1,1.475764868,0.3,0.13,0.67,0.83
argonne,140,8713.297334,0.003273735,1.005572442,0.83,0.73,0.73,0.8
argonne,1023,41030.47143,1,1.317177139,0.38,0.2,0.67,0.78
argonne,14,43956.31825,1,2.079954093,0.21,0.07,0.51,0.81
argonne,943,180174.4589,1,2.139085546,0.17,0.06,0.56,0.92
argonne,729,418723.8528,0.002207506,1.001821494,0.78,0.7,0.71,0.76
argonne,182,113111.7118,0.008584225,1.003746722,0.94,0.92,0.88,0.91
argonne,344,55792.58769,1,1.458548585,0.25,0.15,0.7,0.86
argonne,176,2985.882731,0.002185451,1.002190923,0.81,0.73,0.73,0.79
argonne,512,1149118.042,1,1.00481983,0.43,0.29,0.75,0.82
argonne,720,21542.62972,0.002781641,1.009126009,0.82,0.73,0.72,0.8
argonne,981,2286.731439,1,2.006479482,0.22,0.11,0.47,0.82
argonne,1015,4605.853937,1,1.32155827,0.38,0.17,0.66,0.79
argonne,22,Infinity,1,1.353593202,0.28,0.15,0.66,0.78
argonne,149,117201.1896,0.00383959,1.004501608,0.82,0.73,0.73,0.79
argonne,975,69908.46928,1,1.407471264,0.37,0.15,0.64,0.8
argonne,727,37610.74959,0.003333987,1.001178319,0.79,0.77,0.71,0.77
argonne,515,1832.042068,1,1.003228257,0.44,0.27,0.77,0.83
argonne,171,1724.379864,0.005392289,1.00378993,0.78,0.77,0.7,0.76
argonne,343,Infinity,1,1.960839519,0.24,0.1,0.59,0.91
argonne,185,48186.65185,0.004060639,1.008465319,0.83,0.74,0.74,0.81
argonne,972,28874.33134,1,1.440322581,0.35,0.16,0.62,0.79
argonne,718,107423.2826,0.004545455,1.004204709,0.85,0.76,0.77,0.83
argonne,25,2070.619659,1,1.901128069,0.23,0.07,0.53,0.78
argonne,1012,20084.35455,1,1.368289983,0.34,0.16,0.65,0.79
argonne,388,2659.512935,1,1.801749271,0.24,0.1,0.6,0.84
argonne,986,Infinity,1,1.632083511,0.29,0.15,0.57,0.78
,,,,,0.4,0.28,0.63,0.77